{
  "THO": 19131.55660705109,
  "SDG": 222.20383863136192,
  "MWT": 2412.9593810444876,
  "SEG": 4100.211215750107,
  "KPG": 1716.0812872358042,
  "RWG": 12316.24758220503,
  "POI": 9925.861317051897,
  "JHB": 74.13868294810293,
  "IPH": 29762.002462043492,
  "PTN": 10000,
  "KLA": 10000,
  "SGB": 10000,
  "SNW": 59.03574942604133,
  "SRB": 9940.96425057396,
  "BWH": 10000,
  "CRS": 158.4699453551913,
  "GPA": 10000
}
